filename       ,  rec_packets,  lost_packets,  lost_rate(%)
af520505_all-stat/0825statistics/----2698860.dump.split71.18386-18391,6,282,97.74696707
af520505_all-stat/0825statistics/----2698860.dump.split103.21417-21421,5,222,97.58241758
af520505_all-stat/0825statistics/----2698860.dump.split108.21636-21672,37,1495,97.55301794
af520505_all-stat/0825statistics/----2698860.dump.split179.25679-25680,2,99,97.53694581
af520505_all-stat/0825statistics/----2698860.dump.split53.17474-17475,2,96,97.46192893
af520505_all-stat/0825statistics/----2698860.dump.split172.25365-25369,5,211,97.4595843
af520505_all-stat/0825statistics/----2698860.dump.split82.19952-19953,2,93,97.38219895
af520505_all-stat/0825statistics/----2698860.dump.split68.18216-18257,42,1561,97.34954786
af520505_all-stat/0825statistics/----2698860.dump.split67.18163-18174,12,441,97.24366042
af520505_all-stat/0825statistics/----2698860.dump.split195.26386-26391,6,229,97.23991507
af520505_all-stat/0825statistics/----2698860.dump.split165.25055-25059,5,189,97.1722365
af520505_all-stat/0825statistics/----2698860.dump.split107.21590-21594,5,188,97.15762274
af520505_all-stat/0825statistics/----2698860.dump.split123.22412-22436,25,871,97.15560513
af520505_all-stat/0825statistics/----2698860.dump.split207.26919-26962,44,1519,97.15382155
af520505_all-stat/0825statistics/----2698860.dump.split75.18569-18581,13,454,97.11229947
af520505_all-stat/0825statistics/----2698860.dump.split120.22259-22264,6,217,97.0917226
af520505_all-stat/0825statistics/----2698860.dump.split66.18097-18121,25,826,97.00528479
af520505_all-stat/0825statistics/----2698860.dump.split58.17708-17722,15,500,96.99321048
af520505_all-stat/0825statistics/----2698860.dump.split139.23247-23250,4,144,96.96969697
af520505_all-stat/0825statistics/----2698860.dump.split146.24131-24139,9,304,96.96969697
af520505_all-stat/0825statistics/----2698860.dump.split184.25893-25897,5,175,96.95290859
af520505_all-stat/0825statistics/----2698860.dump.split62.17904-17912,9,297,96.9004894
af520505_all-stat/0825statistics/----2698860.dump.split173.25411-25412,2,78,96.89440994
af520505_all-stat/0825statistics/----2698860.dump.split73.18477-18485,9,296,96.8903437
af520505_all-stat/0825statistics/----2698860.dump.split69.18299-18301,3,109,96.88888889
af520505_all-stat/0825statistics/----2698860.dump.split230.28207-28209,3,109,96.88888889
af520505_all-stat/0825statistics/----2698860.dump.split112.21847-21876,30,946,96.8766001
af520505_all-stat/0825statistics/----2698860.dump.split109.21714-21718,5,169,96.84813754
af520505_all-stat/0825statistics/----2698860.dump.split151.24377-24380,4,137,96.81978799
af520505_all-stat/0825statistics/----2698860.dump.split117.22100-22132,33,1014,96.80190931
af520505_all-stat/0825statistics/----2698860.dump.split100.21276-21280,5,165,96.77419355
af520505_all-stat/0825statistics/----2698860.dump.split163.24966-24969,4,133,96.72727273
af520505_all-stat/0825statistics/----2698860.dump.split137.23156-23162,7,219,96.68874172
af520505_all-stat/0825statistics/----2698860.dump.split54.17517-17525,9,274,96.64902998
af520505_all-stat/0825statistics/----2698860.dump.split175.25497-25498,2,70,96.55172414
af520505_all-stat/0825statistics/----2698860.dump.split200.26612-26614,3,98,96.55172414
af520505_all-stat/0825statistics/----2698860.dump.split149.24287-24291,5,153,96.52996845
af520505_all-stat/0825statistics/----2698860.dump.split92.20410-20412,3,97,96.51741294
af520505_all-stat/0825statistics/----2698860.dump.split231.28251-28282,32,900,96.51474531
af520505_all-stat/0825statistics/----2698860.dump.split134.23025-23029,5,152,96.50793651
af520505_all-stat/0825statistics/----2698860.dump.split158.24746-24747,2,69,96.5034965
af520505_all-stat/0825statistics/----2698860.dump.split114.21965-21969,5,151,96.485623
af520505_all-stat/0825statistics/----2698860.dump.split101.21322-21332,11,312,96.44513138
af520505_all-stat/0825statistics/----2698860.dump.split224.27853-27857,5,149,96.44012945
af520505_all-stat/0825statistics/----2698860.dump.split60.17808-17816,9,257,96.43527205
af520505_all-stat/0825statistics/----2698860.dump.split148.24227-24245,19,518,96.37209302
af520505_all-stat/0825statistics/----2698860.dump.split145.24081-24089,9,251,96.35316699
af520505_all-stat/0825statistics/----2698860.dump.split76.18623-18639,17,462,96.35036496
af520505_all-stat/0825statistics/----2698860.dump.split59.17764-17766,3,92,96.33507853
af520505_all-stat/0825statistics/----2698860.dump.split202.26698-26701,4,118,96.32653061
af520505_all-stat/0825statistics/----2698860.dump.split122.22365-22370,6,168,96.27507163
af520505_all-stat/0825statistics/----2698860.dump.split115.22011-22014,4,112,96.13733906
af520505_all-stat/0825statistics/----2698860.dump.split150.24333-24335,3,87,96.13259669
af520505_all-stat/0825statistics/----2698860.dump.split106.21547-21548,2,62,96.12403101
af520505_all-stat/0825statistics/----2698860.dump.split221.27685-27718,34,854,96.11705121
af520505_all-stat/0825statistics/----2698860.dump.split56.17613-17620,8,209,96.09195402
af520505_all-stat/0825statistics/----2698860.dump.split229.28124-28165,42,1038,96.06663582
af520505_all-stat/0825statistics/----2698860.dump.split157.24702-24704,3,85,96.04519774
af520505_all-stat/0825statistics/----2698860.dump.split63.17954-17960,7,182,96.04221636
af520505_all-stat/0825statistics/----2698860.dump.split232.28324-28368,45,1097,96.01750547
af520505_all-stat/0825statistics/----2698860.dump.split153.24471-24479,9,228,96
af520505_all-stat/0825statistics/----2698860.dump.split198.26521-26524,4,105,95.89041096
af520505_all-stat/0825statistics/----2698860.dump.split61.17858-17862,5,128,95.88014981
af520505_all-stat/0825statistics/----2698860.dump.split154.24521-24525,5,127,95.8490566
af520505_all-stat/0825statistics/----2698860.dump.split99.21213-21234,22,515,95.81395349
af520505_all-stat/0825statistics/----2698860.dump.split121.22306-22323,18,415,95.73241061
af520505_all-stat/0825statistics/----2698860.dump.split218.27467-27556,90,2013,95.69764678
af520505_all-stat/0825statistics/----2698860.dump.split170.25275-25279,5,122,95.68627451
af520505_all-stat/0825statistics/----2698860.dump.split214.27285-27292,8,188,95.67430025
af520505_all-stat/0825statistics/----2698860.dump.split64.18002-18011,10,230,95.63409563
af520505_all-stat/0825statistics/----2698860.dump.split133.22981-22983,3,76,95.59748428
af520505_all-stat/0825statistics/----2698860.dump.split225.27899-27946,48,1052,95.59291231
af520505_all-stat/0825statistics/----2698860.dump.split80.19867-19868,2,53,95.4954955
af520505_all-stat/0825statistics/----2698860.dump.split152.24422-24429,8,179,95.46666667
af520505_all-stat/0825statistics/----2698860.dump.split209.27053-27061,9,199,95.44364508
af520505_all-stat/0825statistics/----2698860.dump.split228.28079-28082,4,94,95.43147208
af520505_all-stat/0825statistics/----2698860.dump.split72.18433-18435,3,72,95.36423841
af520505_all-stat/0825statistics/----2698860.dump.split208.27004-27011,8,173,95.31680441
af520505_all-stat/0825statistics/----2698860.dump.split83.19995-20002,8,172,95.29085873
af520505_all-stat/0825statistics/----2698860.dump.split189.26111-26117,7,151,95.2681388
af520505_all-stat/0825statistics/----2698860.dump.split55.17567-17571,5,110,95.23809524
af520505_all-stat/0825statistics/----2698860.dump.split57.17662-17666,5,110,95.23809524
af520505_all-stat/0825statistics/----2698860.dump.split211.27147-27149,3,70,95.23809524
af520505_all-stat/0825statistics/----2698860.dump.split223.27806-27811,6,129,95.20295203
af520505_all-stat/0825statistics/----2698860.dump.split222.27760-27764,5,106,95.06726457
af520505_all-stat/0825statistics/----2698860.dump.split95.20557-20570,14,279,95.05962521
af520505_all-stat/0825statistics/----2698860.dump.split85.20090-20098,9,182,95.03916449
af520505_all-stat/0825statistics/----2698860.dump.split143.23922-23931,10,201,95.03546099
af520505_all-stat/0825statistics/----2698860.dump.split126.22584-22590,7,142,94.98327759
af520505_all-stat/0825statistics/----2698860.dump.split216.27376-27381,6,122,94.94163424
af520505_all-stat/0825statistics/----2698860.dump.split212.27191-27197,7,140,94.91525424
af520505_all-stat/0825statistics/----2698860.dump.split177.25582-25587,6,118,94.77911647
af520505_all-stat/0825statistics/----2698860.dump.split199.26566-26570,5,96,94.58128079
af520505_all-stat/0825statistics/----2698860.dump.split205.26829-26833,5,96,94.58128079
af520505_all-stat/0825statistics/----2698860.dump.split65.18053-18055,3,61,94.57364341
af520505_all-stat/0825statistics/----2698860.dump.split113.21918-21923,6,113,94.56066946
af520505_all-stat/0825statistics/----2698860.dump.split124.22478-22481,4,74,94.26751592
af520505_all-stat/0825statistics/----2698860.dump.split160.24831-24833,3,57,94.21487603
af520505_all-stat/0825statistics/----2698860.dump.split186.25981-25983,3,57,94.21487603
af520505_all-stat/0825statistics/----2698860.dump.split190.26159-26166,8,137,94.1580756
af520505_all-stat/0825statistics/----2698860.dump.split116.22056-22058,3,56,94.11764706
af520505_all-stat/0825statistics/----2698860.dump.split84.20044-20048,5,86,93.98907104
af520505_all-stat/0825statistics/----2698860.dump.split164.25011-25013,3,52,93.69369369
af520505_all-stat/0825statistics/----2698860.dump.split174.25454-25455,2,37,93.67088608
af520505_all-stat/0825statistics/----2698860.dump.split178.25629-25637,9,140,93.64548495
af520505_all-stat/0825statistics/----2698860.dump.split210.27103-27105,3,51,93.57798165
af520505_all-stat/0825statistics/----2698860.dump.split155.24567-24571,5,80,93.56725146
af520505_all-stat/0825statistics/----2698860.dump.split88.20226-20232,7,106,93.39207048
af520505_all-stat/0825statistics/----2698860.dump.split77.18681-18721,41,582,93.34402566
af520505_all-stat/0825statistics/----2698860.dump.split168.25187-25190,4,62,93.23308271
af520505_all-stat/0825statistics/----2698860.dump.split191.26208-26210,3,48,93.2038835
af520505_all-stat/0825statistics/----2698860.dump.split217.27423-27425,3,47,93.06930693
af520505_all-stat/0825statistics/----2698860.dump.split52.17431-17432,2,33,92.95774648
af520505_all-stat/0825statistics/----2698860.dump.split193.26294-26300,7,93,92.53731343
af520505_all-stat/0825statistics/----2698860.dump.split91.20365-20368,4,55,92.43697479
af520505_all-stat/0825statistics/----2698860.dump.split171.25321-25323,3,42,92.30769231
af520505_all-stat/0825statistics/----2698860.dump.split203.26743-26744,2,30,92.30769231
af520505_all-stat/0825statistics/----2698860.dump.split213.27239-27243,5,64,92.08633094
af520505_all-stat/0825statistics/----2698860.dump.split196.26433-26434,2,29,92.06349206
af520505_all-stat/0825statistics/----2698860.dump.split119.22216-22217,2,28,91.80327869
af520505_all-stat/0825statistics/----2698860.dump.split188.26067-26069,3,39,91.76470588
af520505_all-stat/0825statistics/----2698860.dump.split147.24181-24185,5,60,91.60305344
af520505_all-stat/0825statistics/----2698860.dump.split181.25765-25767,3,38,91.56626506
af520505_all-stat/0825statistics/----2698860.dump.split162.24917-24924,8,92,91.54228856
af520505_all-stat/0825statistics/----2698860.dump.split220.27640-27643,4,46,91.08910891
af520505_all-stat/0825statistics/----2698860.dump.split89.20274-20281,8,85,90.90909091
af520505_all-stat/0825statistics/----2698860.dump.split102.21374-21375,2,24,90.56603774
af520505_all-stat/0825statistics/----2698860.dump.split111.21804-21805,2,24,90.56603774
af520505_all-stat/0825statistics/----2698860.dump.split226.27988-27995,8,76,89.9408284
af520505_all-stat/0825statistics/----2698860.dump.split97.20655-20668,14,126,89.6797153
af520505_all-stat/0825statistics/----2698860.dump.split127.22632-22634,3,30,89.55223881
af520505_all-stat/0825statistics/----2698860.dump.split125.22523-22542,20,174,89.46015424
af520505_all-stat/0825statistics/----2698860.dump.split70.18343-18344,2,21,89.36170213
af520505_all-stat/0825statistics/----2698860.dump.split156.24613-24660,48,399,89.16201117
af520505_all-stat/0825statistics/----2698860.dump.split96.20612-20613,2,20,88.88888889
af520505_all-stat/0825statistics/----2698860.dump.split136.23113-23114,2,20,88.88888889
af520505_all-stat/0825statistics/----2698860.dump.split197.26476-26479,4,35,88.60759494
af520505_all-stat/0825statistics/----2698860.dump.split194.26342-26344,3,27,88.52459016
af520505_all-stat/0825statistics/----2698860.dump.split110.21760-21762,3,26,88.13559322
af520505_all-stat/0825statistics/----2698860.dump.split87.20182-20184,3,23,86.79245283
af520505_all-stat/0825statistics/----2698860.dump.split93.20454-20473,20,131,86.46864686
af520505_all-stat/0825statistics/----2698860.dump.split142.23817-23880,64,387,85.71428571
af520505_all-stat/0825statistics/2699196.dump.split1.38791-38794,4,27,85.71428571
af520505_all-stat/0825statistics/----2698860.dump.split144.23973-24039,67,394,85.37378115
af520505_all-stat/0825statistics/----2698860.dump.split167.25143-25145,3,19,84.44444444
af520505_all-stat/0825statistics/----2698860.dump.split130.22850-22855,6,35,84.3373494
af520505_all-stat/0825statistics/----2698860.dump.split128.22676-22766,91,438,82.71954674
af520505_all-stat/0825statistics/----2698860.dump.split141.23501-23775,275,1171,80.95402696
af520505_all-stat/0825statistics/----2698860.dump.split0.1-486,486,1971,80.2034588
af520505_all-stat/0825statistics/----2698860.dump.split140.23292-23459,168,682,80.18812463
af520505_all-stat/0825statistics/----2698860.dump.split169.25232-25233,2,10,80
af520505_all-stat/0825statistics/----2698860.dump.split204.26786-26787,2,10,80
af520505_all-stat/0825statistics/----2698860.dump.split79.19428-19825,398,1545,79.49575508
af520505_all-stat/0825statistics/----2698860.dump.split78.18763-19386,624,2192,77.82709036
af520505_all-stat/0825statistics/----2698860.dump.split98.20710-21171,462,1615,77.73766546
af520505_all-stat/0825statistics/----2698860.dump.split206.26875-26877,3,10,74.07407407
af520505_all-stat/0825statistics/----2698860.dump.split35.11271-11389,119,303,71.71597633
af520505_all-stat/0825statistics/----2698860.dump.split42.13062-13173,112,271,70.66492829
af520505_all-stat/0825statistics/----2698860.dump.split38.11854-11979,126,303,70.54714785
af520505_all-stat/0825statistics/----2698860.dump.split28.9117-9469,353,829,70.10570825
af520505_all-stat/0825statistics/----2698860.dump.split43.13215-13572,358,835,69.96229577
af520505_all-stat/0825statistics/----2698860.dump.split9.3182-3309,128,294,69.58579882
af520505_all-stat/0825statistics/----2698860.dump.split32.10272-10635,364,831,69.51066499
af520505_all-stat/0825statistics/----2698860.dump.split39.12021-12390,370,837,69.31677019
af520505_all-stat/0825statistics/----2698860.dump.split44.13614-13743,130,291,69.03914591
af520505_all-stat/0825statistics/----2698860.dump.split29.9511-9643,133,294,68.77192982
af520505_all-stat/0825statistics/----2698860.dump.split30.9685-10061,377,828,68.68519287
af520505_all-stat/0825statistics/----2698860.dump.split15.5052-5180,129,284,68.68198307
af520505_all-stat/0825statistics/----2698860.dump.split33.10677-10797,121,266,68.64516129
af520505_all-stat/0825statistics/----2698860.dump.split37.11567-11812,246,537,68.53860881
af520505_all-stat/0825statistics/----2698860.dump.split31.10103-10230,128,279,68.46625767
af520505_all-stat/0825statistics/----2698860.dump.split8.2760-3140,381,822,68.30078936
af520505_all-stat/0825statistics/----2698860.dump.split26.8523-8894,372,796,68.12152332
af520505_all-stat/0825statistics/----2698860.dump.split45.13785-14168,384,816,67.97167847
af520505_all-stat/0825statistics/----2698860.dump.split24.7997-8331,335,709,67.87936812
af520505_all-stat/0825statistics/----2698860.dump.split25.8373-8481,109,227,67.45913819
af520505_all-stat/0825statistics/----2698860.dump.split12.3988-4379,392,812,67.41386467
af520505_all-stat/0825statistics/----2698860.dump.split46.14210-14784,575,1168,66.9916834
af520505_all-stat/0825statistics/----2698860.dump.split34.10839-11229,391,794,66.97595951
af520505_all-stat/0825statistics/----2698860.dump.split17.5674-5810,137,278,66.90734055
af520505_all-stat/0825statistics/----2698860.dump.split41.12619-13020,402,793,66.33207863
af520505_all-stat/0825statistics/----2698860.dump.split14.4600-5010,411,802,66.08982283
af520505_all-stat/0825statistics/----2698860.dump.split40.12432-12577,146,284,65.96980256
af520505_all-stat/0825statistics/----2698860.dump.split6.2107-2530,424,819,65.86248492
af520505_all-stat/0825statistics/----2698860.dump.split10.3351-3760,410,787,65.72025052
af520505_all-stat/0825statistics/----2698860.dump.split2.764-1172,409,769,65.25243954
af520505_all-stat/0825statistics/----2698860.dump.split27.8936-9075,140,261,65.00622665
af520505_all-stat/0825statistics/----2698860.dump.split5.1933-2065,133,247,64.91458607
af520505_all-stat/0825statistics/----2698860.dump.split16.5222-5632,411,761,64.90405117
af520505_all-stat/0825statistics/----2698860.dump.split13.4421-4558,138,254,64.7133758
af520505_all-stat/0825statistics/----2698860.dump.split7.2572-2718,147,269,64.58583433
af520505_all-stat/0825statistics/----2698860.dump.split36.11431-11525,95,172,64.29906542
af520505_all-stat/0825statistics/----2698860.dump.split11.3802-3946,145,261,64.20664207
af520505_all-stat/0825statistics/----2698860.dump.split18.5852-6287,436,779,64.08885232
af520505_all-stat/0825statistics/----2698860.dump.split21.7076-7233,158,261,62.21692491
af520505_all-stat/0825statistics/----2698860.dump.split20.6572-7034,463,756,61.99261993
af520505_all-stat/0825statistics/----2698860.dump.split3.1214-1362,149,241,61.71574904
af520505_all-stat/0825statistics/----2698860.dump.split22.7275-7735,461,737,61.49353358
af520505_all-stat/0825statistics/----2698860.dump.split47.14826-14995,170,266,60.93928981
af520505_all-stat/0825statistics/----2698860.dump.split4.1404-1891,488,707,59.1384358
af520505_all-stat/0825statistics/----2698860.dump.split23.7777-7955,179,257,58.87743414
af520505_all-stat/0825statistics/----2698860.dump.split1.528-722,195,258,56.89084895
af520505_all-stat/0825statistics/----2698860.dump.split236.31996-32079,84,104,55.17241379
af520505_all-stat/0825statistics/----2698860.dump.split19.6329-6530,202,243,54.54545455
af520505_all-stat/0825statistics/----2698860.dump.split138.23204-23205,2,3,54.54545455
af520505_all-stat/0825statistics/====2698126.dump.split0.1-1863,1863,2003,51.80395707
af520505_all-stat/0825statistics/----2698860.dump.split235.31130-31954,825,876,51.48398472
af520505_all-stat/0825statistics/----2698860.dump.split234.29263-31088,1826,1787,49.45343849
af520505_all-stat/0825statistics/----2698860.dump.split233.28410-29221,812,771,48.68961162
af520505_all-stat/0825statistics/----2698860.dump.split48.15037-15787,629,583,48.08247423
af520505_all-stat/0825statistics/=3==2698860.dump.split0.1-14080,14080,12901,47.81424309
af520505_all-stat/0825statistics/----2698860.dump.split180.25722-25723,2,2,44.44444444
af520505_all-stat/0825statistics/----2698860.dump.split51.17236-17389,125,89,41.49184149
af520505_all-stat/0825statistics/=3==2698860.dump.split1.14122-15149,1028,696,40.3595245
af520505_all-stat/0825statistics/=3==2698860.dump.split7.18638-18956,319,210,39.66005666
af520505_all-stat/0825statistics/----2698860.dump.split50.16239-17194,776,489,38.64085342
af520505_all-stat/0825statistics/=3==2698860.dump.split4.16327-16664,338,212,38.51044505
af520505_all-stat/0825statistics/=3==2698860.dump.split3.15585-16285,701,437,38.38383838
af520505_all-stat/0825statistics/=3==2698860.dump.split6.17866-18596,731,446,37.87685775
af520505_all-stat/0825statistics/----2698860.dump.split49.15829-16197,309,185,37.41152679
af520505_all-stat/0825statistics/=3==2698860.dump.split2.15191-15543,353,208,37.04363313
af520505_all-stat/0825statistics/2636244.dump.split1.2369-2371,3,2,36.36363636
af520505_all-stat/0825statistics/=3==2698860.dump.split5.16706-17824,1119,639,36.33778789
af520505_all-stat/0825statistics/=3==2698860.dump.split8.18998-19871,874,302,25.66935827
af520505_all-stat/0825statistics/~~~~2673704.dump.split0.1-1527,1527,489,24.24993801
af520505_all-stat/0825statistics/=3==2698860.dump.split9.19913-21450,1538,237,13.34835258
af520505_all-stat/0825statistics/~~~~2695524.dump.split1.24837-25829,993,146,12.81263712
af520505_all-stat/0825statistics/~~~~2693006.dump.split0.1-34,34,3,8
af520505_all-stat/0825statistics/2593218.dump.split2.3740-10149,6410,553,7.941408774
af520505_all-stat/0825statistics/2698852.dump.split2.129075-186404,57330,4894,7.865069225
af520505_all-stat/0825statistics/2539040.dump.split2.100143-113378,13236,849,6.027475063
af520505_all-stat/0825statistics/2595182.dump.split1.45978-107831,61854,3505,5.362648123
af520505_all-stat/0825statistics/2570496.dump.split0.1-36,36,2,5.194805195
af520505_all-stat/0825statistics/2056962.dump.split1.667-1257,299,15,4.769475358
af520505_all-stat/0825statistics/2600228.dump.split0.1-7401,7401,347,4.47828612
af520505_all-stat/0825statistics/2600228.dump.split2.8123-29305,21183,951,4.296460277
af520505_all-stat/0825statistics/2661762.dump.split0.1-4382,4382,195,4.259967231
af520505_all-stat/0825statistics/2600228.dump.split3.29347-30208,862,35,3.899721448
af520505_all-stat/0825statistics/2593386.dump.split1.3404-4785,1382,51,3.557725846
af520505_all-stat/0825statistics/2052902.dump.split2.1305-1895,300,11,3.531300161
af520505_all-stat/0825statistics/2634260.dump.split2.45692-66897,21206,743,3.385042939
af520505_all-stat/0825statistics/2634260.dump.split1.8616-45650,37035,1285,3.353296538
af520505_all-stat/0825statistics/2600228.dump.split1.7443-8081,639,22,3.325774754
af520505_all-stat/0825statistics/2505412.dump.split4.158661-158719,59,2,3.25203252
af520505_all-stat/0825statistics/2040782.dump.split2.1306-1896,300,10,3.220611916
af520505_all-stat/0825statistics/1832614.dump.split3.1938-2528,300,10,3.220611916
af520505_all-stat/0825statistics/2056962.dump.split3.1930-2520,301,9,2.898550725
af520505_all-stat/0825statistics/2696846.dump.split0.1-33,33,1,2.898550725
af520505_all-stat/0825statistics/2700422.dump.split1.9262-9573,312,9,2.799377916
af520505_all-stat/0825statistics/2689154.dump.split0.1-36,36,1,2.666666667
af520505_all-stat/0825statistics/2595182.dump.split0.1-45936,45936,1254,2.657314502
af520505_all-stat/0825statistics/2634260.dump.split0.1-8574,8574,234,2.656524947
af520505_all-stat/0825statistics/2614458.dump.split2.5636-5745,110,3,2.643171806
af520505_all-stat/0825statistics/2032124.dump.split2.1306-1896,299,8,2.601626016
af520505_all-stat/0825statistics/2697398.dump.split1.5263-5299,37,1,2.597402597
af520505_all-stat/0825statistics/2030696.dump.split3.1938-2528,301,8,2.584814216
af520505_all-stat/0825statistics/2031510.dump.split2.1306-1896,301,8,2.584814216
af520505_all-stat/0825statistics/2032124.dump.split3.1938-2528,301,8,2.584814216
af520505_all-stat/0825statistics/2030696.dump.split2.1306-1896,302,8,2.576489533
af520505_all-stat/0825statistics/2638574.dump.split0.1-6398,6398,163,2.484188067
af520505_all-stat/0825statistics/2699122.dump.split1.111-189,79,2,2.45398773
af520505_all-stat/0825statistics/1940226.dump.split1.673-1263,298,7,2.291325696
af520505_all-stat/0825statistics/=3==2698860.dump.split10.21492-29776,8285,193,2.276346052
af520505_all-stat/0825statistics/2593386.dump.split0.1-3362,3362,76,2.210266104
af520505_all-stat/0825statistics/2698438.dump.split1.58-146,89,2,2.18579235
af520505_all-stat/0825statistics/2699056.dump.split1.60-241,182,4,2.144772118
af520505_all-stat/0825statistics/2638574.dump.split1.6440-16822,10383,225,2.120940755
af520505_all-stat/0825statistics/2056962.dump.split2.1299-1888,298,6,1.97044335
af520505_all-stat/0825statistics/74307.dump.split2.1307-1897,299,6,1.963993453
af520505_all-stat/0825statistics/1940226.dump.split3.1937-2527,299,6,1.963993453
af520505_all-stat/0825statistics/2676112.dump.split0.1-54,54,1,1.801801802
af520505_all-stat/0825statistics/2040782.dump.split3.1938-2528,297,5,1.652892562
af520505_all-stat/0825statistics/2055714.dump.split1.674-1264,298,5,1.647446458
af520505_all-stat/0825statistics/2030800.dump.split3.1936-2526,298,5,1.647446458
af520505_all-stat/0825statistics/2030696.dump.split1.674-1264,300,5,1.636661211
af520505_all-stat/0825statistics/2052580.dump.split2.1306-1896,300,5,1.636661211
af520505_all-stat/0825statistics/2700460.dump.split1.9779-9901,123,2,1.593625498
af520505_all-stat/0825statistics/2602052.dump.split0.1-651,651,10,1.511715797
af520505_all-stat/0825statistics/2052580.dump.split4.2570-3160,297,4,1.326699834
af520505_all-stat/0825statistics/2700248.dump.split0.1-521,521,7,1.324503311
af520505_all-stat/0825statistics/2030800.dump.split2.1304-1894,298,4,1.32231405
af520505_all-stat/0825statistics/2031510.dump.split3.1938-2528,298,4,1.32231405
af520505_all-stat/0825statistics/2058012.dump.split2.1306-1896,298,4,1.32231405
af520505_all-stat/0825statistics/2052902.dump.split3.1937-2527,299,4,1.317957166
af520505_all-stat/0825statistics/1940226.dump.split2.1305-1895,299,4,1.317957166
af520505_all-stat/0825statistics/2666048.dump.split2.116078-117398,1321,14,1.048296518
af520505_all-stat/0825statistics/1938650.dump.split1.674-1264,298,3,0.995024876
af520505_all-stat/0825statistics/2058012.dump.split3.1938-2528,300,3,0.988467875
af520505_all-stat/0825statistics/2673704.dump.split1.1569-24794,23226,227,0.967872599
af520505_all-stat/0825statistics/2699156.dump.split1.58518-80375,21858,195,0.88421339
af520505_all-stat/0825statistics/2667116.dump.split0.1-116,116,1,0.85106383
af520505_all-stat/0825statistics/2539136.dump.split1.50136-115110,64975,520,0.793947676
af520505_all-stat/0825statistics/2693036.dump.split2.276-7157,6882,55,0.792792793
af520505_all-stat/0825statistics/2641308.dump.split2.12232-12860,629,5,0.788022065
af520505_all-stat/0825statistics/2695524.dump.split2.25871-61481,35611,275,0.766304878
af520505_all-stat/0825statistics/2695524.dump.split0.1-24795,24795,186,0.744550968
af520505_all-stat/0825statistics/2614458.dump.split0.1-4601,4601,34,0.73346996
af520505_all-stat/0825statistics/2543568.dump.split1.14725-15683,959,7,0.724262804
af520505_all-stat/0825statistics/2491322.dump.split0.1-39699,39699,274,0.685454113
af520505_all-stat/0825statistics/74307.dump.split5.3203-3793,297,2,0.667779633
af520505_all-stat/0825statistics/2049210.dump.split3.1931-2521,297,2,0.667779633
af520505_all-stat/0825statistics/74307.dump.split3.1939-2529,298,2,0.665557404
af520505_all-stat/0825statistics/2030800.dump.split1.674-1262,298,2,0.665557404
af520505_all-stat/0825statistics/2040782.dump.split1.674-1264,298,2,0.665557404
af520505_all-stat/0825statistics/2031510.dump.split1.674-1264,298,2,0.665557404
af520505_all-stat/0825statistics/2052580.dump.split3.1938-2528,299,2,0.663349917
af520505_all-stat/0825statistics/2031510.dump.split4.2570-3155,299,2,0.663349917
af520505_all-stat/0825statistics/2647016.dump.split0.1-1801,1801,12,0.661703888
af520505_all-stat/0825statistics/1940226.dump.split4.2569-3159,300,2,0.661157025
af520505_all-stat/0825statistics/2538914.dump.split0.1-40677,40677,267,0.652102236
af520505_all-stat/0825statistics/2543568.dump.split2.15725-17715,1991,13,0.648540783
af520505_all-stat/0825statistics/1938650.dump.split3.1938-2545,309,2,0.642054575
af520505_all-stat/0825statistics/2587966.dump.split0.1-3905,3905,25,0.636051393
af520505_all-stat/0825statistics/2618614.dump.split0.1-49453,49453,315,0.632930468
af520505_all-stat/0825statistics/2698428.dump.split2.34217-67561,33345,206,0.613981491
af520505_all-stat/0825statistics/2538914.dump.split1.40719-105845,65127,368,0.561870663
af520505_all-stat/0825statistics/2698428.dump.split3.67603-102742,35140,198,0.560295428
af520505_all-stat/0825statistics/2662264.dump.split1.4974-5872,899,5,0.552791598
af520505_all-stat/0825statistics/2543568.dump.split3.17757-18903,1147,6,0.520156047
af520505_all-stat/0825statistics/2517776.dump.split0.1-7183,7183,37,0.512429887
af520505_all-stat/0825statistics/2517776.dump.split1.7225-13180,5956,30,0.501127537
af520505_all-stat/0825statistics/2522132.dump.split1.52364-73738,21375,106,0.49344785
af520505_all-stat/0825statistics/2647016.dump.split4.7844-14453,6610,32,0.48174633
af520505_all-stat/0825statistics/2696920.dump.split2.2331-7515,5185,25,0.479800403
af520505_all-stat/0825statistics/2539136.dump.split3.156225-160794,4570,21,0.457366874
af520505_all-stat/0825statistics/2602052.dump.split1.693-949,257,1,0.386847195
af520505_all-stat/0825statistics/2694598.dump.split0.1-52605,52605,196,0.371201576
af520505_all-stat/0825statistics/2618880.dump.split1.14807-29349,14543,53,0.363100743
af520505_all-stat/0825statistics/2032124.dump.split1.674-1264,296,1,0.336134454
af520505_all-stat/0825statistics/2055714.dump.split2.1306-1896,297,1,0.335008375
af520505_all-stat/0825statistics/2056962.dump.split4.2562-3152,297,1,0.335008375
af520505_all-stat/0825statistics/2049210.dump.split2.1306-1889,297,1,0.335008375
af520505_all-stat/0825statistics/2697398.dump.split3.8787-14743,5957,20,0.334588038
af520505_all-stat/0825statistics/2049210.dump.split1.674-1264,298,1,0.333889816
af520505_all-stat/0825statistics/74307.dump.split1.675-1265,299,1,0.332778702
af520505_all-stat/0825statistics/2032124.dump.split4.2570-3160,299,1,0.332778702
af520505_all-stat/0825statistics/1938650.dump.split2.1306-1896,300,1,0.331674959
af520505_all-stat/0825statistics/2641308.dump.split3.12902-14103,1202,4,0.331537505
af520505_all-stat/0825statistics/2506338.dump.split0.1-7048,7048,22,0.311151969
af520505_all-stat/0825statistics/2636244.dump.split0.1-2327,2327,7,0.299850075
af520505_all-stat/0825statistics/2538914.dump.split3.156197-159586,3390,10,0.294074401
af520505_all-stat/0825statistics/2696920.dump.split1.1254-2289,1036,3,0.288600289
af520505_all-stat/0825statistics/2539136.dump.split2.115152-156183,41032,117,0.284329093
af520505_all-stat/0825statistics/2539136.dump.split0.1-50094,50094,141,0.280678007
af520505_all-stat/0825statistics/2593218.dump.split0.1-2182,2182,6,0.274160384
af520505_all-stat/0825statistics/2700422.dump.split2.9615-13912,4298,11,0.255250029
af520505_all-stat/0825statistics/2543568.dump.split6.29112-31850,2739,7,0.254869834
af520505_all-stat/0825statistics/2537280.dump.split2.124809-190157,65349,157,0.239670872
af520505_all-stat/0825statistics/2652340.dump.split0.1-32933,32900,77,0.233492533
af520505_all-stat/0825statistics/2594748.dump.split1.9236-14820,5585,13,0.232205055
af520505_all-stat/0825statistics/2647016.dump.split1.1843-4038,2196,5,0.227117874
af520505_all-stat/0825statistics/2698410.dump.split1.2633-31139,28507,64,0.22399944
af520505_all-stat/0825statistics/2505468.dump.split2.122895-188243,65349,146,0.222916078
af520505_all-stat/0825statistics/2543568.dump.split4.18945-22120,3176,7,0.219883776
af520505_all-stat/0825statistics/2697628.dump.split0.1-53001,53001,116,0.218383772
af520505_all-stat/0825statistics/2700460.dump.split3.18233-25631,7399,16,0.215764278
af520505_all-stat/0825statistics/2618614.dump.split1.49495-114851,65357,139,0.212225081
af520505_all-stat/0825statistics/2614458.dump.split1.4643-5594,952,2,0.209533787
af520505_all-stat/0825statistics/2569996.dump.split3.127732-160160,32429,68,0.209246865
af520505_all-stat/0825statistics/2538914.dump.split2.105887-156155,50269,105,0.208438793
af520505_all-stat/0825statistics/2694874.dump.split4.63218-66656,3439,7,0.203104599
af520505_all-stat/0825statistics/2505412.dump.split3.147460-158619,11160,22,0.196735971
af520505_all-stat/0825statistics/2463758.dump.split1.36532-101915,65384,112,0.171001504
af520505_all-stat/0825statistics/2652340.dump.split1.32975-98448,65385,111,0.169474705
af520505_all-stat/0825statistics/2463666.dump.split3.104120-132490,28371,47,0.165385224
af520505_all-stat/0825statistics/2700460.dump.split0.1-9737,9737,16,0.164043677
af520505_all-stat/0825statistics/2700422.dump.split0.1-9220,9220,15,0.162416761
af520505_all-stat/0825statistics/2522132.dump.split0.1-52322,52322,83,0.158380323
af520505_all-stat/0825statistics/2673208.dump.split0.1-34243,34243,54,0.157445878
af520505_all-stat/0825statistics/2505412.dump.split2.129629-147418,17790,27,0.151536411
af520505_all-stat/0825statistics/2604238.dump.split1.38618-55220,16603,25,0.150344288
af520505_all-stat/0825statistics/2641308.dump.split1.4676-12190,7515,11,0.146150269
af520505_all-stat/0825statistics/2463758.dump.split2.101957-163756,61800,89,0.143804684
af520505_all-stat/0825statistics/2537280.dump.split0.1-59293,59293,85,0.143149456
af520505_all-stat/0825statistics/2616316.dump.split0.1-12230,12230,17,0.138803838
af520505_all-stat/0825statistics/2569996.dump.split1.24945-82966,58022,80,0.137687707
af520505_all-stat/0825statistics/2699156.dump.split0.1-58476,58476,77,0.131503668
af520505_all-stat/0825statistics/2641308.dump.split0.1-4634,4634,6,0.129296412
af520505_all-stat/0825statistics/2463666.dump.split2.38664-104078,65415,84,0.128245254
af520505_all-stat/0825statistics/2663934.dump.split4.109451-115891,6441,8,0.124040623
af520505_all-stat/0825statistics/2604332.dump.split1.38759-62137,23379,29,0.123886622
af520505_all-stat/0825statistics/2664084.dump.split2.48556-70366,21811,26,0.119061248
af520505_all-stat/0825statistics/2697900.dump.split2.121941-158187,36247,41,0.112983452
af520505_all-stat/0825statistics/2694874.dump.split2.19644-25850,6207,7,0.112639794
af520505_all-stat/0825statistics/2694874.dump.split1.1747-19602,17856,20,0.111878723
af520505_all-stat/0825statistics/2463666.dump.split1.5352-38622,33271,36,0.108083765
af520505_all-stat/0825statistics/2537280.dump.split1.59335-124767,65433,69,0.105339491
af520505_all-stat/0825statistics/2605072.dump.split2.127587-133386,5800,6,0.103332472
af520505_all-stat/0825statistics/2543568.dump.split5.22162-29070,6909,7,0.101207258
af520505_all-stat/0825statistics/2604332.dump.split0.1-38717,38717,39,0.100628282
af520505_all-stat/0825statistics/2603942.dump.split1.51141-59289,8149,8,0.098069261
af520505_all-stat/0825statistics/2463758.dump.split0.1-36490,36490,35,0.095823466
af520505_all-stat/0825statistics/2696442.dump.split1.46230-58926,12697,12,0.094417562
af520505_all-stat/0825statistics/2536258.dump.split2.113219-134368,21150,19,0.089751766
af520505_all-stat/0825statistics/2689160.dump.split0.1-55130,55130,49,0.088801095
af520505_all-stat/0825statistics/2696442.dump.split0.1-46188,46188,41,0.088687959
af520505_all-stat/0825statistics/2605072.dump.split1.62106-127545,65440,58,0.088551646
af520505_all-stat/0825statistics/2700460.dump.split2.9943-18191,8249,7,0.084781687
af520505_all-stat/0825statistics/2634250.dump.split0.1-14754,14754,12,0.081265026
af520505_all-stat/0825statistics/2698852.dump.split0.1-63512,63512,51,0.080234726
af520505_all-stat/0825statistics/2603942.dump.split0.1-51099,51099,41,0.080171293
af520505_all-stat/0825statistics/2663934.dump.split6.122936-131783,8848,7,0.07904692
af520505_all-stat/0825statistics/2605072.dump.split0.1-62064,62064,49,0.078887842
af520505_all-stat/0825statistics/2569996.dump.split2.83008-127690,44683,35,0.078267384
af520505_all-stat/0825statistics/2655220.dump.split0.1-9071,9071,7,0.077105249
af520505_all-stat/0825statistics/2569996.dump.split0.1-24903,24903,19,0.076236333
af520505_all-stat/0825statistics/2604238.dump.split0.1-38576,38576,29,0.07511883
af520505_all-stat/0825statistics/2663934.dump.split1.46231-100679,54449,40,0.073408638
af520505_all-stat/0825statistics/2700450.dump.split0.1-2748,2748,2,0.072714052
af520505_all-stat/0825statistics/2652340.dump.split3.164007-201407,37378,27,0.072181898
af520505_all-stat/0825statistics/2652340.dump.split2.98490-163965,65448,47,0.071760655
af520505_all-stat/0825statistics/2506920.dump.split1.6172-46786,40615,29,0.071350367
af520505_all-stat/0825statistics/2636244.dump.split2.2413-19718,17306,12,0.069290066
af520505_all-stat/0825statistics/2537280.dump.split3.190199-247027,56829,39,0.068579266
af520505_all-stat/0825statistics/2696754.dump.split1.11266-55240,43975,30,0.068173297
af520505_all-stat/0825statistics/2506920.dump.split2.46828-55863,9036,6,0.066353331
af520505_all-stat/0825statistics/2671484.dump.split0.1-6097,6097,4,0.06555765
af520505_all-stat/0825statistics/2664084.dump.split1.7986-48514,40529,26,0.064109677
af520505_all-stat/0825statistics/2539244.dump.split1.621-7363,6743,4,0.059281215
af520505_all-stat/0825statistics/2463666.dump.split0.1-5310,5310,3,0.05645996
af520505_all-stat/0825statistics/2596450.dump.split1.37832-101212,63381,35,0.055190684
af520505_all-stat/0825statistics/2618880.dump.split0.1-14765,14765,8,0.054151014
af520505_all-stat/0825statistics/2694874.dump.split3.25892-63176,37285,20,0.053611398
af520505_all-stat/0825statistics/2688874.dump.split0.1-34899,34899,18,0.051550082
af520505_all-stat/0825statistics/2696754.dump.split2.55282-89367,34086,17,0.049848256
af520505_all-stat/0825statistics/2699056.dump.split2.283-16588,16306,8,0.049036134
af520505_all-stat/0825statistics/2641748.dump.split1.53469-118931,65463,32,0.048858319
af520505_all-stat/0825statistics/2551080.dump.split2.118999-133968,14970,7,0.046736772
af520505_all-stat/0825statistics/2618614.dump.split2.114893-139416,24524,11,0.044832997
af520505_all-stat/0825statistics/2657170.dump.split4.253637-267256,13620,6,0.04403185
af520505_all-stat/0825statistics/2641748.dump.split2.118973-161742,42770,18,0.042067378
af520505_all-stat/0825statistics/2697900.dump.split1.56416-121899,65484,27,0.041214138
af520505_all-stat/0825statistics/2543568.dump.split0.1-14683,14683,6,0.040845502
af520505_all-stat/0825statistics/2694874.dump.split5.66698-97146,30449,12,0.039393989
af520505_all-stat/0825statistics/2664084.dump.split0.1-7944,7944,3,0.037747719
af520505_all-stat/0825statistics/2688336.dump.split0.1-24901,24901,9,0.036129343
af520505_all-stat/0825statistics/2699196.dump.split0.1-38749,38749,14,0.03611645
af520505_all-stat/0825statistics/2698892.dump.split1.40359-93191,52833,19,0.035949104
af520505_all-stat/0825statistics/2551080.dump.split1.53485-118957,65473,22,0.033590094
af520505_all-stat/0825statistics/2506920.dump.split0.1-6130,6130,2,0.032613127
af520505_all-stat/0825statistics/2697900.dump.split0.1-56374,56374,17,0.030146387
af520505_all-stat/0825statistics/2641748.dump.split0.1-53427,53427,16,0.029938159
af520505_all-stat/0825statistics/2697398.dump.split2.5341-8745,3405,1,0.029355644
af520505_all-stat/0825statistics/2688336.dump.split1.24943-36847,11905,3,0.02519209
af520505_all-stat/0825statistics/2697900.dump.split3.158229-187427,29199,7,0.023967268
af520505_all-stat/0825statistics/2662628.dump.split0.1-8537,8537,2,0.023420575
af520505_all-stat/0825statistics/2698852.dump.split1.63554-129033,65480,15,0.022902337
af520505_all-stat/0825statistics/2536258.dump.split1.47666-113177,65512,15,0.022891153
af520505_all-stat/0825statistics/2663934.dump.split2.100721-105150,4430,1,0.022565723
af520505_all-stat/0825statistics/2697900.dump.split4.187469-212039,24571,5,0.020344638
af520505_all-stat/0825statistics/2657170.dump.split3.194491-253595,59105,11,0.018607326
af520505_all-stat/0825statistics/2551080.dump.split0.1-53443,53443,9,0.016837379
af520505_all-stat/0825statistics/2699196.dump.split3.104336-167290,62955,10,0.015881713
af520505_all-stat/0825statistics/2657170.dump.split1.63434-128914,65481,10,0.015269157
af520505_all-stat/0825statistics/2677284.dump.split1.34627-74069,39443,6,0.015209318
af520505_all-stat/0825statistics/2699196.dump.split2.38836-104294,65459,9,0.013747069
af520505_all-stat/0825statistics/2536258.dump.split0.1-47624,47624,6,0.01259697
af520505_all-stat/0825statistics/2594748.dump.split0.1-9194,9194,1,0.010874884
af520505_all-stat/0825statistics/2697746.dump.split1.38264-103752,65489,6,0.009160935
af520505_all-stat/0825statistics/2657170.dump.split2.128956-194449,65494,6,0.009160235
af520505_all-stat/0825statistics/2696754.dump.split0.1-11224,11224,1,0.008908289
af520505_all-stat/0825statistics/2700590.dump.split0.1-11279,11279,1,0.008864855
af520505_all-stat/0825statistics/2604462.dump.split2.57441-105373,47933,4,0.008344198
af520505_all-stat/0825statistics/2697746.dump.split0.1-38222,38222,3,0.007848164
af520505_all-stat/0825statistics/2697934.dump.split4.34824-89143,54320,4,0.00736316
af520505_all-stat/0825statistics/2693036.dump.split3.7199-49774,42576,3,0.007045644
af520505_all-stat/0825statistics/2697934.dump.split3.5921-34782,28862,2,0.006928927
af520505_all-stat/0825statistics/2697746.dump.split3.169330-213820,44491,3,0.006742406
af520505_all-stat/0825statistics/2505468.dump.split3.188285-234232,45948,3,0.006528623
af520505_all-stat/0825statistics/2539040.dump.split1.34612-100101,65490,4,0.006107383
af520505_all-stat/0825statistics/2666048.dump.split1.50546-116036,65491,4,0.00610729
af520505_all-stat/0825statistics/2697784.dump.split1.264-50400,50137,3,0.005983187
af520505_all-stat/0825statistics/2697784.dump.split2.50442-101138,50697,3,0.005917101
af520505_all-stat/0825statistics/2697292.dump.split0.1-38975,38975,2,0.005131165
af520505_all-stat/0825statistics/2657170.dump.split0.1-63392,63392,3,0.004732197
af520505_all-stat/0825statistics/2652332.dump.split0.1-42695,42695,2,0.004684115
af520505_all-stat/0825statistics/2517776.dump.split3.51437-73994,22558,1,0.004432722
af520505_all-stat/0825statistics/2673704.dump.split3.61256-109281,48026,2,0.004164194
af520505_all-stat/0825statistics/2505412.dump.split0.1-64050,64050,2,0.003122439
af520505_all-stat/0825statistics/2677284.dump.split0.1-34585,34585,1,0.002891302
af520505_all-stat/0825statistics/2673704.dump.split2.24836-61214,36379,1,0.002748725
af520505_all-stat/0825statistics/2698434.dump.split1.635-37964,37330,1,0.002678703
af520505_all-stat/0825statistics/2666048.dump.split0.1-50504,50504,1,0.001979982
af520505_all-stat/0825statistics/2696604.dump.split0.1-60402,60402,1,0.001655533
af520505_all-stat/0825statistics/2522150.dump.split0.1-64973,64973,1,0.001539065
af520505_all-stat/0825statistics/2505468.dump.split1.57360-122853,65494,1,0.001526822
af520505_all-stat/0825statistics/2539040.dump.split0.1-34570,34570,0,0
af520505_all-stat/0825statistics/2694202.dump.split0.1-32,32,0,0
af520505_all-stat/0825statistics/2684022.dump.split0.1-33,33,0,0
af520505_all-stat/0825statistics/2697242.dump.split0.1-59,59,0,0
af520505_all-stat/0825statistics/2641248.dump.split0.1-67,67,0,0
af520505_all-stat/0825statistics/2693192.dump.split0.1-33,33,0,0
af520505_all-stat/0825statistics/2690648.dump.split0.1-63,63,0,0
af520505_all-stat/0825statistics/2682664.dump.split0.1-9084,9084,0,0
af520505_all-stat/0825statistics/2682664.dump.split1.9126-32597,23472,0,0
af520505_all-stat/0825statistics/2579484.dump.split0.1-6,6,0,0
af520505_all-stat/0825statistics/2699740.dump.split0.1-35,35,0,0
af520505_all-stat/0825statistics/2693538.dump.split0.1-530,530,0,0
af520505_all-stat/0825statistics/2550632.dump.split0.1-47,47,0,0
af520505_all-stat/0825statistics/2698504.dump.split0.1-812,812,0,0
af520505_all-stat/0825statistics/2696522.dump.split0.1-25,25,0,0
af520505_all-stat/0825statistics/2647016.dump.split2.4080-5120,1041,0,0
af520505_all-stat/0825statistics/2647016.dump.split3.5162-7802,2641,0,0
af520505_all-stat/0825statistics/2697376.dump.split0.1-22940,22940,0,0
af520505_all-stat/0825statistics/2661836.dump.split0.1-4125,4125,0,0
af520505_all-stat/0825statistics/2052902.dump.split0.1-631,316,0,0
af520505_all-stat/0825statistics/2052902.dump.split1.673-1263,296,0,0
af520505_all-stat/0825statistics/2052902.dump.split4.2569-3159,296,0,0
af520505_all-stat/0825statistics/2684032.dump.split0.1-23,23,0,0
af520505_all-stat/0825statistics/2572106.dump.split0.1-24,24,0,0
af520505_all-stat/0825statistics/2539244.dump.split0.1-579,579,0,0
af520505_all-stat/0825statistics/2539244.dump.split2.7405-10692,3288,0,0
af520505_all-stat/0825statistics/2696244.dump.split0.1-27,27,0,0
af520505_all-stat/0825statistics/2646702.dump.split0.1-499,499,0,0
af520505_all-stat/0825statistics/2030696.dump.split0.1-632,316,0,0
af520505_all-stat/0825statistics/2030696.dump.split4.2570-3160,296,0,0
af520505_all-stat/0825statistics/2697938.dump.split0.1-63,63,0,0
af520505_all-stat/0825statistics/2693908.dump.split0.1-46,46,0,0
af520505_all-stat/0825statistics/2694194.dump.split0.1-39,39,0,0
af520505_all-stat/0825statistics/2478136.dump.split0.1-46,46,0,0
af520505_all-stat/0825statistics/74307.dump.split0.1-633,317,0,0
af520505_all-stat/0825statistics/74307.dump.split4.2571-3161,298,0,0
af520505_all-stat/0825statistics/1938650.dump.split0.1-632,316,0,0
af520505_all-stat/0825statistics/1938650.dump.split4.2587-3177,296,0,0
af520505_all-stat/0825statistics/1938650.dump.split5.3219-3809,296,0,0
af520505_all-stat/0825statistics/2698526.dump.split0.1-130,130,0,0
af520505_all-stat/0825statistics/2695508.dump.split0.1-43,43,0,0
af520505_all-stat/0825statistics/2697244.dump.split0.1-32,32,0,0
af520505_all-stat/0825statistics/2055714.dump.split0.1-632,316,0,0
af520505_all-stat/0825statistics/2055714.dump.split3.1938-2528,298,0,0
af520505_all-stat/0825statistics/2055714.dump.split4.2570-3160,296,0,0
af520505_all-stat/0825statistics/2055714.dump.split5.3202-3792,296,0,0
af520505_all-stat/0825statistics/2673524.dump.split0.1-51,51,0,0
af520505_all-stat/0825statistics/2662170.dump.split0.1-69,69,0,0
af520505_all-stat/0825statistics/2657318.dump.split0.1-180,180,0,0
af520505_all-stat/0825statistics/2676652.dump.split0.1-29,29,0,0
af520505_all-stat/0825statistics/2698438.dump.split0.1-16,16,0,0
af520505_all-stat/0825statistics/2698198.dump.split0.1-55,55,0,0
af520505_all-stat/0825statistics/2698196.dump.split0.1-45,45,0,0
af520505_all-stat/0825statistics/2693148.dump.split0.1-22,22,0,0
af520505_all-stat/0825statistics/2698130.dump.split0.1-28,28,0,0
af520505_all-stat/0825statistics/2669438.dump.split0.1-25,25,0,0
af520505_all-stat/0825statistics/2056962.dump.split0.1-625,316,0,0
af520505_all-stat/0825statistics/2650262.dump.split0.1-473,473,0,0
af520505_all-stat/0825statistics/2699122.dump.split0.1-69,69,0,0
af520505_all-stat/0825statistics/2699122.dump.split2.231-541,311,0,0
af520505_all-stat/0825statistics/2030800.dump.split0.1-632,316,0,0
af520505_all-stat/0825statistics/2030800.dump.split4.2568-3154,296,0,0
af520505_all-stat/0825statistics/2030800.dump.split5.3196-3786,296,0,0
af520505_all-stat/0825statistics/2650088.dump.split0.1-7905,7905,0,0
af520505_all-stat/0825statistics/2650088.dump.split1.7947-10393,2447,0,0
af520505_all-stat/0825statistics/2589402.dump.split0.1-29,29,0,0
af520505_all-stat/0825statistics/2678372.dump.split0.1-23,23,0,0
af520505_all-stat/0825statistics/2663934.dump.split0.1-46189,46189,0,0
af520505_all-stat/0825statistics/2663934.dump.split3.105192-109409,4218,0,0
af520505_all-stat/0825statistics/2663934.dump.split5.115933-122894,6962,0,0
af520505_all-stat/0825statistics/2693816.dump.split0.1-43,43,0,0
af520505_all-stat/0825statistics/2555132.dump.split0.1-23,23,0,0
af520505_all-stat/0825statistics/2588580.dump.split0.1-660,660,0,0
af520505_all-stat/0825statistics/2588580.dump.split1.702-51327,50626,0,0
af520505_all-stat/0825statistics/2588580.dump.split2.51369-59835,8467,0,0
af520505_all-stat/0825statistics/2680224.dump.split0.1-44,44,0,0
af520505_all-stat/0825statistics/2052580.dump.split0.1-632,316,0,0
af520505_all-stat/0825statistics/2052580.dump.split1.674-1264,298,0,0
af520505_all-stat/0825statistics/2692996.dump.split0.1-50,50,0,0
af520505_all-stat/0825statistics/2544896.dump.split0.1-33,33,0,0
af520505_all-stat/0825statistics/2672040.dump.split0.1-10,10,0,0
af520505_all-stat/0825statistics/2506568.dump.split0.1-176,176,0,0
af520505_all-stat/0825statistics/2506568.dump.split1.218-807,590,0,0
af520505_all-stat/0825statistics/2638720.dump.split0.1-30,30,0,0
af520505_all-stat/0825statistics/2696070.dump.split0.1-24,24,0,0
af520505_all-stat/0825statistics/2695702.dump.split0.1-30,30,0,0
af520505_all-stat/0825statistics/2687808.dump.split0.1-33,33,0,0
af520505_all-stat/0825statistics/2573222.dump.split0.1-38,38,0,0
af520505_all-stat/0825statistics/2698680.dump.split0.1-84,84,0,0
af520505_all-stat/0825statistics/----2698860.dump.split74.18527-18527,1,0,0
af520505_all-stat/0825statistics/----2698860.dump.split81.19910-19910,1,0,0
af520505_all-stat/0825statistics/----2698860.dump.split86.20140-20140,1,0,0
af520505_all-stat/0825statistics/----2698860.dump.split90.20323-20323,1,0,0
af520505_all-stat/0825statistics/----2698860.dump.split94.20515-20515,1,0,0
af520505_all-stat/0825statistics/----2698860.dump.split104.21463-21463,1,0,0
af520505_all-stat/0825statistics/----2698860.dump.split105.21505-21505,1,0,0
af520505_all-stat/0825statistics/----2698860.dump.split118.22174-22174,1,0,0
af520505_all-stat/0825statistics/----2698860.dump.split129.22808-22808,1,0,0
af520505_all-stat/0825statistics/----2698860.dump.split131.22897-22897,1,0,0
af520505_all-stat/0825statistics/----2698860.dump.split132.22939-22939,1,0,0
af520505_all-stat/0825statistics/----2698860.dump.split135.23071-23071,1,0,0
af520505_all-stat/0825statistics/----2698860.dump.split159.24789-24789,1,0,0
af520505_all-stat/0825statistics/----2698860.dump.split161.24875-24875,1,0,0
af520505_all-stat/0825statistics/----2698860.dump.split166.25101-25101,1,0,0
af520505_all-stat/0825statistics/----2698860.dump.split176.25540-25540,1,0,0
af520505_all-stat/0825statistics/----2698860.dump.split182.25809-25809,1,0,0
af520505_all-stat/0825statistics/----2698860.dump.split183.25851-25851,1,0,0
af520505_all-stat/0825statistics/----2698860.dump.split185.25939-25939,1,0,0
af520505_all-stat/0825statistics/----2698860.dump.split187.26025-26025,1,0,0
af520505_all-stat/0825statistics/----2698860.dump.split192.26252-26252,1,0,0
af520505_all-stat/0825statistics/----2698860.dump.split201.26656-26656,1,0,0
af520505_all-stat/0825statistics/----2698860.dump.split215.27334-27334,1,0,0
af520505_all-stat/0825statistics/----2698860.dump.split219.27598-27598,1,0,0
af520505_all-stat/0825statistics/----2698860.dump.split227.28037-28037,1,0,0
af520505_all-stat/0825statistics/2593218.dump.split1.2224-3698,1475,0,0
af520505_all-stat/0825statistics/2698346.dump.split0.1-26,26,0,0
af520505_all-stat/0825statistics/2695898.dump.split0.1-32,32,0,0
af520505_all-stat/0825statistics/2040782.dump.split0.1-632,316,0,0
af520505_all-stat/0825statistics/2040782.dump.split4.2570-3160,296,0,0
af520505_all-stat/0825statistics/2031510.dump.split0.1-632,316,0,0
af520505_all-stat/0825statistics/2031510.dump.split5.3197-3787,298,0,0
af520505_all-stat/0825statistics/2694266.dump.split0.1-23,23,0,0
af520505_all-stat/0825statistics/2517776.dump.split2.13222-51395,38174,0,0
af520505_all-stat/0825statistics/2629242.dump.split0.1-32,32,0,0
af520505_all-stat/0825statistics/2699056.dump.split0.1-18,18,0,0
af520505_all-stat/0825statistics/2699344.dump.split0.1-50,50,0,0
af520505_all-stat/0825statistics/2657316.dump.split0.1-145,145,0,0
af520505_all-stat/0825statistics/2696824.dump.split0.1-35,35,0,0
af520505_all-stat/0825statistics/2693952.dump.split0.1-22,22,0,0
af520505_all-stat/0825statistics/2661746.dump.split0.1-12034,12034,0,0
af520505_all-stat/0825statistics/2698584.dump.split0.1-113,113,0,0
af520505_all-stat/0825statistics/2697398.dump.split0.1-5221,5221,0,0
af520505_all-stat/0825statistics/2699158.dump.split0.1-52,52,0,0
af520505_all-stat/0825statistics/2694672.dump.split0.1-38014,38014,0,0
af520505_all-stat/0825statistics/2032124.dump.split0.1-632,316,0,0
af520505_all-stat/0825statistics/2032124.dump.split5.3202-3792,296,0,0
af520505_all-stat/0825statistics/2604462.dump.split0.1-112,112,0,0
af520505_all-stat/0825statistics/2604462.dump.split1.154-57399,57246,0,0
af520505_all-stat/0825statistics/2058012.dump.split0.1-632,316,0,0
af520505_all-stat/0825statistics/2058012.dump.split1.674-1264,296,0,0
af520505_all-stat/0825statistics/2058012.dump.split4.2570-3160,296,0,0
af520505_all-stat/0825statistics/2058012.dump.split5.3202-3792,296,0,0
af520505_all-stat/0825statistics/2698892.dump.split0.1-40317,40317,0,0
af520505_all-stat/0825statistics/2698892.dump.split2.93233-102774,9542,0,0
af520505_all-stat/0825statistics/2618604.dump.split0.1-209,209,0,0
af520505_all-stat/0825statistics/2689114.dump.split0.1-42,42,0,0
af520505_all-stat/0825statistics/2694420.dump.split0.1-51,51,0,0
af520505_all-stat/0825statistics/2698440.dump.split0.1-43,43,0,0
af520505_all-stat/0825statistics/2693036.dump.split0.1-65,65,0,0
af520505_all-stat/0825statistics/2693036.dump.split1.107-234,128,0,0
af520505_all-stat/0825statistics/2693036.dump.split4.49816-53647,3832,0,0
af520505_all-stat/0825statistics/2640072.dump.split0.1-22,22,0,0
af520505_all-stat/0825statistics/2504554.dump.split0.1-87,87,0,0
af520505_all-stat/0825statistics/2678254.dump.split0.1-429,429,0,0
af520505_all-stat/0825statistics/2692862.dump.split0.1-38,38,0,0
af520505_all-stat/0825statistics/2691428.dump.split0.1-27,27,0,0
af520505_all-stat/0825statistics/2675216.dump.split0.1-43,43,0,0
af520505_all-stat/0825statistics/2699714.dump.split0.1-61,61,0,0
af520505_all-stat/0825statistics/2697784.dump.split0.1-222,222,0,0
af520505_all-stat/0825statistics/2697784.dump.split3.101180-107611,6432,0,0
af520505_all-stat/0825statistics/2694814.dump.split0.1-22,22,0,0
af520505_all-stat/0825statistics/2684034.dump.split0.1-4,4,0,0
af520505_all-stat/0825statistics/2696114.dump.split0.1-535,535,0,0
af520505_all-stat/0825statistics/2512020.dump.split0.1-66,66,0,0
af520505_all-stat/0825statistics/2697934.dump.split0.1-5794,5794,0,0
af520505_all-stat/0825statistics/2697934.dump.split1.5836-5837,2,0,0
af520505_all-stat/0825statistics/2697934.dump.split2.5879-5879,1,0,0
af520505_all-stat/0825statistics/2693626.dump.split0.1-476,476,0,0
af520505_all-stat/0825statistics/2693626.dump.split1.518-699,182,0,0
af520505_all-stat/0825statistics/2693626.dump.split2.741-768,28,0,0
af520505_all-stat/0825statistics/2699462.dump.split0.1-36,36,0,0
af520505_all-stat/0825statistics/2699120.dump.split0.1-52,52,0,0
af520505_all-stat/0825statistics/2686000.dump.split0.1-52,52,0,0
af520505_all-stat/0825statistics/2697636.dump.split0.1-46,46,0,0
af520505_all-stat/0825statistics/2698428.dump.split0.1-34130,34130,0,0
af520505_all-stat/0825statistics/2698428.dump.split1.34172-34175,4,0,0
af520505_all-stat/0825statistics/2675748.dump.split0.1-88,88,0,0
af520505_all-stat/0825statistics/2596450.dump.split0.1-37790,37790,0,0
af520505_all-stat/0825statistics/2698434.dump.split0.1-593,593,0,0
af520505_all-stat/0825statistics/2693598.dump.split0.1-91,91,0,0
af520505_all-stat/0825statistics/2697746.dump.split2.103794-169288,65495,0,0
af520505_all-stat/0825statistics/1832614.dump.split0.1-633,317,0,0
af520505_all-stat/0825statistics/1832614.dump.split1.675-1264,300,0,0
af520505_all-stat/0825statistics/1832614.dump.split2.1306-1896,296,0,0
af520505_all-stat/0825statistics/1832614.dump.split4.2570-3160,296,0,0
af520505_all-stat/0825statistics/1832614.dump.split5.3202-3792,296,0,0
af520505_all-stat/0825statistics/2692726.dump.split0.1-41,41,0,0
af520505_all-stat/0825statistics/2695282.dump.split0.1-122,122,0,0
af520505_all-stat/0825statistics/2697792.dump.split0.1-47,47,0,0
af520505_all-stat/0825statistics/2693602.dump.split0.1-23,23,0,0
af520505_all-stat/0825statistics/2694302.dump.split0.1-30,30,0,0
af520505_all-stat/0825statistics/2698330.dump.split0.1-24,24,0,0
af520505_all-stat/0825statistics/2505412.dump.split1.64092-129587,65496,0,0
af520505_all-stat/0825statistics/2680518.dump.split0.1-29,29,0,0
af520505_all-stat/0825statistics/2688268.dump.split0.1-65,65,0,0
af520505_all-stat/0825statistics/2616788.dump.split0.1-266,266,0,0
af520505_all-stat/0825statistics/2509384.dump.split0.1-5,5,0,0
af520505_all-stat/0825statistics/2696604.dump.split1.60444-106741,46298,0,0
af520505_all-stat/0825statistics/2505468.dump.split0.1-57318,57318,0,0
af520505_all-stat/0825statistics/2509414.dump.split0.1-353,353,0,0
af520505_all-stat/0825statistics/2509414.dump.split1.395-417,23,0,0
af520505_all-stat/0825statistics/2690670.dump.split0.1-62,62,0,0
af520505_all-stat/0825statistics/2551094.dump.split0.1-37852,37852,0,0
af520505_all-stat/0825statistics/2551094.dump.split1.37894-103388,65495,0,0
af520505_all-stat/0825statistics/2551094.dump.split2.103430-125603,22174,0,0
af520505_all-stat/0825statistics/2504484.dump.split0.1-42,42,0,0
af520505_all-stat/0825statistics/2621418.dump.split0.1-258,258,0,0
af520505_all-stat/0825statistics/2685694.dump.split0.1-24,24,0,0
af520505_all-stat/0825statistics/2694874.dump.split0.1-1705,1705,0,0
af520505_all-stat/0825statistics/2698248.dump.split0.1-24,24,0,0
af520505_all-stat/0825statistics/2591886.dump.split0.1-50,50,0,0
af520505_all-stat/0825statistics/2686392.dump.split0.1-4,4,0,0
af520505_all-stat/0825statistics/2686392.dump.split1.46-204,159,0,0
af520505_all-stat/0825statistics/2692250.dump.split0.1-35,35,0,0
af520505_all-stat/0825statistics/2695042.dump.split0.1-25,25,0,0
af520505_all-stat/0825statistics/2695332.dump.split0.1-329,329,0,0
af520505_all-stat/0825statistics/2695332.dump.split1.371-22817,22447,0,0
af520505_all-stat/0825statistics/2679852.dump.split0.1-3,3,0,0
af520505_all-stat/0825statistics/2679852.dump.split1.45-1274,1230,0,0
af520505_all-stat/0825statistics/2580722.dump.split0.1-25,25,0,0
af520505_all-stat/0825statistics/2522150.dump.split1.65015-80461,15447,0,0
af520505_all-stat/0825statistics/2656678.dump.split0.1-31,31,0,0
af520505_all-stat/0825statistics/2694598.dump.split1.52647-69510,16864,0,0
af520505_all-stat/0825statistics/2682548.dump.split0.1-87,87,0,0
af520505_all-stat/0825statistics/2695816.dump.split0.1-304,304,0,0
af520505_all-stat/0825statistics/2580288.dump.split0.1-655,655,0,0
af520505_all-stat/0825statistics/2698122.dump.split0.1-26,26,0,0
af520505_all-stat/0825statistics/2512304.dump.split0.1-5,5,0,0
af520505_all-stat/0825statistics/2699772.dump.split0.1-34,34,0,0
af520505_all-stat/0825statistics/2049210.dump.split0.1-632,316,0,0
af520505_all-stat/0825statistics/2049210.dump.split4.2563-3153,299,0,0
af520505_all-stat/0825statistics/2697338.dump.split0.1-35,35,0,0
af520505_all-stat/0825statistics/2697168.dump.split0.1-25,25,0,0
af520505_all-stat/0825statistics/2698410.dump.split0.1-2591,2591,0,0
af520505_all-stat/0825statistics/2587288.dump.split0.1-114,114,0,0
af520505_all-stat/0825statistics/2667324.dump.split0.1-26,26,0,0
af520505_all-stat/0825statistics/1940226.dump.split0.1-631,316,0,0
af520505_all-stat/0825statistics/1940226.dump.split5.3201-3791,298,0,0
af520505_all-stat/0825statistics/2698960.dump.split0.1-39,39,0,0
af520505_all-stat/0825statistics/2662264.dump.split0.1-4932,4932,0,0
af520505_all-stat/0825statistics/2498376.dump.split0.1-156,156,0,0
af520505_all-stat/0825statistics/2586130.dump.split0.1-222,222,0,0
af520505_all-stat/0825statistics/2691496.dump.split0.1-36,36,0,0
af520505_all-stat/0825statistics/2693412.dump.split0.1-31,31,0,0
af520505_all-stat/0825statistics/2686416.dump.split0.1-25,25,0,0
af520505_all-stat/0825statistics/2698852.dump.split3.186446-189207,2762,0,0
af520505_all-stat/0825statistics/2698852.dump.split4.189249-206243,16995,0,0
af520505_all-stat/0825statistics/2698852.dump.split5.206285-217579,11295,0,0
af520505_all-stat/0825statistics/2642174.dump.split0.1-37,37,0,0
af520505_all-stat/0825statistics/2697126.dump.split0.1-74,74,0,0
af520505_all-stat/0825statistics/2693830.dump.split0.1-240,240,0,0
af520505_all-stat/0825statistics/2686902.dump.split0.1-131,131,0,0
af520505_all-stat/0825statistics/2699692.dump.split0.1-32,32,0,0
af520505_all-stat/0825statistics/2587962.dump.split0.1-2723,2723,0,0
af520505_all-stat/0825statistics/1662062.dump.split0.1-630,630,0,0
af520505_all-stat/0825statistics/2693134.dump.split0.1-31,31,0,0
af520505_all-stat/0825statistics/2695260.dump.split0.1-22,22,0,0
af520505_all-stat/0825statistics/2551090.dump.split0.1-40933,40933,0,0
af520505_all-stat/0825statistics/2551090.dump.split1.40975-84648,43674,0,0
af520505_all-stat/0825statistics/2692454.dump.split0.1-110,110,0,0
af520505_all-stat/0825statistics/2696576.dump.split0.1-27,27,0,0
af520505_all-stat/0825statistics/2672152.dump.split0.1-22,22,0,0
af520505_all-stat/0825statistics/2613942.dump.split0.1-1,1,0,0
af520505_all-stat/0825statistics/2696920.dump.split0.1-1212,1212,0,0
